{"global_step": 0, "_timestamp": 1627316582.633109, "1. Season Score": 0.3478260934352875, "_step": 0}