{"ep_reward": 0, "mean_ep_score": 0.3088235294117647, "ep_actor_loss": 246.37130737304688, "ep_critic_loss": 8457.6376953125, "ep_alpha_loss": -31.402450561523438, "_runtime": 4533, "_timestamp": 1627397438, "_step": 272}