{"20210726-201932/global_step": 2, "_timestamp": 1627334017.857743, "20210726-201932/1. Season Score": 0.2971014380455017, "global_step": 2, "20210726-201932/2. Mean season Score": 0.34413185715675354, "20210726-201932/4. Actor Loss": 28.55805015563965, "20210726-201932/5. Critic Loss": 8.733940717320365e-07, "20210726-201932/6. Mean Episode Length": 513.490234375, "20210726-201932/7. Alpha Loss": -21.947790145874023, "_step": 2}