{"ep_reward": 1, "mean_ep_score": 0.32981783317353786, "ep_actor_loss": 32.830543518066406, "ep_critic_loss": 1.0754183676908724e-07, "ep_alpha_loss": -23.013919830322266, "_runtime": 16739, "_timestamp": 1627352246, "_step": 1048, "20210726-223833/global_step": 5, "20210726-223833/1. Season Score": 0.316546767950058, "global_step": 5, "20210726-223833/2. Mean season Score": 0.33374130725860596, "20210726-223833/4. Actor Loss": 36.33692169189453, "20210726-223833/5. Critic Loss": 2.235821625617973e-07, "20210726-223833/6. Mean Episode Length": 513.5773315429688, "20210726-223833/7. Alpha Loss": -27.27328109741211}