{"20210726-190545/global_step": 0, "_timestamp": 1627325019.997369, "20210726-190545/1. Season Score": 0.32608696818351746, "global_step": 0, "20210726-190545/2. Mean season Score": 0.32608696818351746, "20210726-190545/4. Actor Loss": 18.637500762939453, "20210726-190545/5. Critic Loss": 1.2173003369753133e-06, "20210726-190545/6. Mean Episode Length": 516.0144653320312, "20210726-190545/7. Alpha Loss": -16.299457550048828, "_step": 0}